id,modified_comment,Cause Span
724881472,"I did do this at one point but I was concerned that it is a bit hard to work out the cases for the `if` to succeed, since it relies on `undefined !== 0` in the case where `associatedMessage` is not defined. So I went with the more explicit notation since I found it easier to grok the two cases.
? Do you not have this problem Perhaps it is just me?",Do you not have this problem
918672907,"I don‚Äôt understand, how does it make the code less portable? I use this function to evaluate strings of code and to see how they look when transpiled, and I want the actual result that TS would produce if it was a regular file. Is there a better way to do this?","I don‚Äôt understand, how does it make the code less portable?"
560552229,"Oh, github didn't load the previous 3 comments before I commented. I guess the point is that I think the comment is not confusing, even if the code itself is.","the comment is not confusing, even if the code itself is."
303461904,"Makes sense, but in this case I don't even need DateTimeFormat and can save the initialization cost...",I don't even need DateTimeFormat
948437097,"[USER] The link you provided is not the issue, i fixed it by myself.
Firebase was the problem here. In older versions i had Application and FirebaseCloudMessagingPluginRegistrant.
I had to remove these files completely since they are no longer needed in new version.
[TRIPLE QUOTE].
[TRIPLE QUOTE].",Firebase was the problem here.
719854095,"I don't fully understand the value of this, especially if it means adding unused getters to the code. The documentation is: [URL]
[BLOCK QUOTE].
With the example:
[TRIPLE QUOTE].
In this example, the only way of ""observing the property's value"" is by accessing the value of `r`. It seems like a setter that really just assigns a value to a public property is the anti-pattern here.",I don't fully understand the value of this
645799029,That is an unfortunate how onSelectionHandleTapped behave differently based on the implementation of TextSelectionControls. I am ok with this approach if we can deprecate the onSelectionHandleTapped at some point....,That is an unfortunate how onSelectionHandleTapped behave differently
720577815,"What I mean to say is that this assertion that you are adding in this PR catches the error you intend to catch, but it is also catching other cases that are not valid to assert.
While I cannot share internal code, it stands to reason that if the internal code were invalid, it would crash with the same bad error message you are trying to fix here. I am going to close this PR as the internal test proves that it asserts when it should not. Unfortunately, I do not have a simple reproduction of this case.
I appreciate your work on this, it just does not work in the way that you expect.","Unfortunately, I do not have a simple reproduction"
707483092,"I might be missing something, but I don't see the benefit of moving certain types of code-snippets outside the Markdown.
In fact, there is quite an overhead for authors (whomever that might be: the docs team, SWEs and most importantly community contributors). FWIW, our early choice to move the TypeScript and HTML code-snippets outside the Markdown was only made because we believe the benefits of being able to validate the code outweigh the cost of not having the code side-by-side with the rest of the docs content (where it would be much easier to keep in-sync).
So, I strongly believe that there are certain code types (i.e. those we cannot validate) that would be better off being left in the Markdown.
But, since this is related to docs authoring, I am happy to leave it up to the docs team :smiley:","I might be missing something, but I don't see the benefit of moving certain types of code-snippets outside the Markdown.
"
713475952,"To be honest, I'm very new to the team and I don't know if there's a methodical way to figure those things out. I don't think there is, sadly. Some things in the code have very descriptive names or comments, but others sometimes don't, as is the case of `assumeTrue`. I'd say if you can't find an explanation by looking at the code, or in the TypeScript wiki, or in [URL] your best bet is to ask someone from the team and we'll be able to help.
@sandersn and [USER] might have more tips about where/who to ask those kinds of question.
About `assumeTrue`'s meaning: to give you an example, I figured this one out by looking at the code in `narrowTypeByEquality` and seeing that `assumeTrue` had its boolean value flipped if the condition we had was an inequality (e.g. `a !== b`).
**tl;dr** in `narrowTypeByEquality(type, operator, value, assumeTrue)`, if `assumeTrue` is true we should assume `value` has type `type`. Otherwise, we should assume `value` does *not* have type `type`.
To give you an example:
[TRIPLE QUOTE].","I don't think there is, sadly"
527391825,"Oh, I forgot to revert that. Sorry. Fixed!",I forgot to revert that. Sorry.
690000276,"Yeah, that's sounds right. I image we probably shouldn't ignore casts.",that's sounds right
687724118,[USER] right! I just pushed the updated commit,I just pushed the updated commit
658744651,Looks good! I was unsure how to implement it cleanly in my PR so I just force committed the changes. To my PR Branch ü§û,Looks good
732293262,"Sorry, I'm not quite sure I'm following: you want to make sure that if `errorsAreFatal` is set that `hadWarningOutput` is false in the case where we're going to exit cleanly? So, in other words, making sure that there were no warnings if there were no fatal errors?
I was intending for it to be the case that if `errorsAreFatal` is set, but not `warningsAreFatal` that only errors cause failure exit, and if `warningsAreFatal` is set, that _either_ warnings or errors would cause a failure exit (basically that fatal warnings implies fatal errors too). Does that sound right to you?","Sorry, I'm not quite sure I'm following"
659305436,I think that this might not work if the array only has one element. Not sure if that can actually happen at runtime.,.might not work
661682280,Ah I see. But I'm not sure if there's a good way to check if a `FocusNode` is already `dispose`d. It seems fine to keep a `dispose`d `FocusNode` around? In `_applyFocusChange` if either of these 2 nodes are detached from the tree then we throw the entry away anyways.,not sure if there's a good way to check
706423410,"I see that there are some asserts in here, but not sure if they protect every value test or not.",not sure if they protect every value test or not
881791172,"Agreed - if this is needed in a particular application, custom structural directives are a better solution. Attempting to solve this problem generally would be a major undertaking.",Agreed - if this is needed in a particular application
161375219,"I didn't see the point in burying this function in the class, so it's outside. I'm not sure if this matches the code styles well.",I'm not sure if this matches the code styles well.
182763900,Why is this happening? A side effect of generating tests dynamically?,Why is this happening?
955279639,"[BLOCK QUOTE]. I tried this, sadly it doesn't work for me.",sadly it doesn't work for me.
695111102,"Oke. Thanks. Wow, it was my 300th PR :).","Thanks. Wow, it was my 300th PR :)."
607233139,"Just a PR -- I'll mark it with the Housekeeping label. (The bot doesn't know about Housekeeping iirc, so it will still probably comment, unfortunately.)","it will still probably comment, unfortunately"
678683145,I think it's best to avoid the null assertion.,I think it's best to avoid
705693089,"I agree, it's not bad to keep this test, even if it passes without this change and has coverage in a golden file test. I think it's never bad to have another test. :)","I agree, it's not bad to keep this test"
671451986,"let's look what [USER] answer, maybe it is not bad to have parser pinned, sometimes regressions happens",.maybe it is not bad to have parser pinned
170027075,"returning a value doesn't make sense here. It's an async function.
Maybe you want to wrap this in a Promise:",returning a value doesn't make sense here. It's an async function.
647642414,"I thought about this, but it didn't make sense to me that an entry would be both updated and deleted during the lifetime of the cache (which I think corresponds to a file change event). If that *is* possible, then I'll update the code to keep the two collections in sync.",didn't make sense to me
450314177,"Not sure, maybe better slice on line 2378","Not sure, maybe better slice on line 2378"
545912300,"Oops, missed the precedent. Changed.","Oops, missed the precedent."
185240719,Lmaooooo nanifest seems cooler though üòÇ,Lmaooooo nanifest seems cooler though üòÇ
904507572,"Unfortunately no, you webpack v5 required...","Unfortunately no, you webpack v5 required..."
948692661,"Without additional information, we are unfortunately not sure how to resolve this issue. We are therefore reluctantly going to close this bug for now. Please don't hesitate to comment on the bug if you have any more information for us; we will reopen it right away! Thanks for your contribution.
Could everyone who still has this problem please file a new issue with the exact description of what happens, logs, and the output of `flutter doctor -v`.
All system setups can be slightly different, so it's always better to open new issues and reference related issues.",we are unfortunately not sure how to resolve this issue
882136287,"A lot of people are also using similar argument against Angular in general, but I have an inkling that we actually disagree on what that usually foreshadows.",disagree on what that usually foreshadows.
899814627,"Hi [USER], thanks for working on the changes in this PR! I had a quick chat about this with [USER], and the problem with this fix is that changing DOM value happens asynchronously and that can lead to subtle issues as described in [this comment]([URL]) We think the best approach would be to update the DOM value once the rendering is complete. Currently there is no lifecycle hook that for that, and we'd need a project proposal to add one. If there is a decision to add such lifecycle hook, the fix in this PR can leverage that and we should be able to land the change. This is certainly a disappointing outcome, since this is a major performance issue and you put in a lot of effort on this. Sorry that it turned out to be blocked on a major addition like this :/","This is certainly a disappointing outcome, since this is a major performance issue and you put in a lot of effort on this. Sorry that it turned out to be blocked on a major addition like this :/"
164664288,The `sourceUrlComment` is not part of the footer. It doesn't make sense to move it into this module.,not part of the footer. It doesn't make sense
600179413,"[BLOCK QUOTE]. That's precisely what I was describing, yes.",That's precisely what I was describing
698757630,"It's already pretty hard to understand what these are for. I'd encourage us to start documenting what the use-cases for each of these are. For example.
[TRIPLE QUOTE].",It's already pretty hard to understand what these are for.
936098797,"I don't see any problems with cast, it is not related",don't see any problems with cast
690663413,"awesome thanks a lot :slightly_smiling_face: I also see don't have a strong preference either way, but I am leaning a bit more on the second one, so since you're giving me carte blanche I'll go with that
thanks! :smiley:",awesome thanks a lot :slightly_smiling_face:
670920406,"You are indeed correct. I must have screwed something up when I initially tested this, but I've now formatted all of the SVGs properly and confirmed that they are still working fine.",I must have screwed something up when I initially tested this
666500391,[TRIPLE QUOTE]. This sounds like it is a bug we should fix directly rather than through a parameter like this.,This sounds like it is a bug we should fix
715947884,"Not sure how important this functionality is, no other existing tests were broken by the change.",Not sure how important this functionality is
665724193,I'm not sure that adding to tslint at this stage in its life is a good use of our time.,not sure that adding to tslint at this
950815592,[USER] I am not sure that this make sense since we have module federation,not sure that this make sense since we have module federation
512943729,I am not sure. but i am certain that extendedSourceFiles should contain source file name that wasnt present. It would need another file exists check or another field just to return information if file is present or not and that seems unnecessary just to let project structure information. Let me know if you think its necessary. If it is we would probably need another field on tsconfig source files,seems unneccesary just to let the project structure information
691654921,I'm embarrassed that I never thought of using reduce for calculating math.max of more than 2 items. üëç,I'm embarrassed that I never thought of using reduce for calculating
917503891,"Sorry it took long to reply!
Unfortunately, that is not going to work in my setup: I am dynamically importing Preact during the runtime, that is `getPreact()` returns Preact's exports. `jsxImportSource` implies automatic import, which is not going to work. I can, of course, use it to silence TypeScript and continue using ESBuild, which will actually use `h` defined in the scope, but then TypeScript starts to complain about ‚Äòunused‚Äô `h` declaration, while also not saying anything if I don't declare the `h` (duh).
I'd actually expect TypeScript to *not expect* that `h` can only come from the imports, but rather do what ESBuild does ‚Äî use `h` defined within the scope; like in my situation ‚Äî it is defined at the top of the file. Thus I filed it as a bug report, because it's an absolutely valid use case.
Also, I just noticed that I accidentally deleted CodeSandbox example, I re-wrote it here (will update in the issue body): [URL]","Unfortunately, that is not going to work in my setup"
656114362,I'm afraid that it is breaking change,it is breaking change
804762054,"[BLOCK QUOTE].
But that other issue seems to describe a different broken behaviour, not related to HMR.",that other issue seems to describe a different broken behaviour
685271530,"Ah, good point :+1:
It is still unfortunate that we have the same bits of code before and inside the `while` loop. How about something like this (to avoid the code duplication):
[TRIPLE QUOTE].",still unfortunate that we have the same bits of code
678661619,Cool! Is the name ok? `ImportMetaKeyword`/`NewTargetKeyword`? I'm not sure.,I'm not sure.
562258053,"Hm, so the user test previously just applied a custom tsconfig to the contents of the `src` directory and built it. That actually includes way more than they typecheck in their own build: [URL] Do we want to continue checking the whole src folder under our own rules like the `user` test used to, or should we use their build like this?",.Do we want to continue checking the whole src folder 
944607416,"Unfortunately there's disadvantages to this approach too -- Android/iOS tools no longer work because files appear to be missing, for example. Understanding what Android/iOS want from you is harder because the files aren't there so you can't just explore the files and find the comments we left explaining things. You could imagine a mode where you ask the files to appear, then edit them, then ask the unchanged files to be removed, but now there's extra steps, none of which are obvious to the developer, and it's easy to accidentally add or delete the wrong file (or make trivial changes that you don't need to save), etc.
I do wish something like this would exist, though.
cc [USER] [USER] [USER]",Unfortunately there's disadvantages to this approach too
705799769,Is this needed? These tests are testing the factory constructor right?,Is this needed?
566674300,I'm sure there is a nicer (and safer!) way of determining whether the properties of a mapped type are optional. Right now I'm looking at the syntax node. But this approach does not work with `+?` for example.,this approach does not work with `+?` for example
583178068,Does this cause us to be any more eager in resolving method types than before?,Does this cause us to be any more eager
647633096,"isnt this incorrect, you would want to return the watcher.close function that does what it is doing below instead of returning the actual watcher created by nodeModules watcher?",isn't this incorrect
248169866,That's an assumption this piece of code should not make.,this piece of code should not make.
738814346,"Absolutely not. This situation is much different from the one above because that one doesn't make sense and has alternatives. This here has an alternative, which is passing an explicit 0, but when running .at() it would make sense for it to default to the first element in the array. This doesn't seem like another one of JS's quirks, but in fact very much intentional and should stay like this, unless a maintainer says otherwise",Absolutely not. This situation is much different from the one above
652170292,"I thought the problem was with `AssignmentDeclarationKind.ThisProperty`. Why is the new code in `None` instead? Is it because there's an existing PropertyDeclaration? The new code in `getSymbolForExpression` kind of looks like it's a fallback mode for when syntactic detection fails in the checker, which it shouldn't if it has succeeded in the binder. So maybe the fix needs to be to iron out some mismatch between the binder and checker.",.thought the problem was with
161679884,"It's kind of weird to support wrong booleans `""false""`. Remove this.",It's kind of weird to support wrong booleans
876841286,"I hope I'm wrong, but I don't think this proposal would allow us to solve [URL] according to the mentioned caveat.
This is because if my own code set `Validators.required` in a form control, then `@angular/material` has no way to know which function reference to use to check for the required validator presence. Is this correct ?
I was under the impression that this use-case was one of the major thing to solve.
If associating a validator with a name would properly solve all use-cases, maybe a redesign of the Forms API, that also include all the good things from #31963, should be considered, instead of doing half-measures ? A sort of `ReactiveFormsV2Module` ?",.under the impression
938692115,BTW I don't understand why this issue was closed. Is there any sensible reasons why `Array.prototype.includes` can not be a typeguard?,don't understand why this issue was closed
184589259,I generally don't like using `Function` but it seems appropriate in this case üòî,don't like using `Function`
322592566,"But we even bothering with a Promise, the original code should work fine here and is simpler.",we even bothering with a Promise
796915785,"Makes sense. I agree, we should all be pulling the ecosystem toward clear standards and not a mishmash like auto mode. Thanks.","Makes sense. I agree, we should all be pulling the ecosystem"
884985610,"[USER] I don't understand you, what is mean `doesn't break windows`","I don't understand you, what is mean `doesn't break windows`"
883212345,"[BLOCK QUOTE].
Sorry, I am not sure what you mean by this üòï
Can you please elaborate?","what you mean by this üòï
Can you please elaborate?"
940421867,"Yeah what you're saying makes total sense, sorry I think I've just had tunnel vision on the lines section as that seemed the cleanest and more efficient place where to put this.
With the regexes done beforehand we will parse each file one extra time, which thinking of that, it's not even that bad as this is just done at build time so it's not like it needs to be ultra performant or anything (also regexes are should be quite optimized right?)
Anyways I would really not mind having a crack at this :slightly_smiling_face: , but you'd do a better and faster job with you mad regex skills :heart_eyes:, so I can do it or if you'd enjoy this task I am also totally fine with you handling it :slightly_smiling_face::+1:",Yeah what you're saying makes total sense
851132132,I don't quite understand why CI failed. Could you please give me some help,don't quite understand why CI failed. Could you please give me some help
551036875,I wondered why this change is necessary as there cannot be syntactic modifiers in JS files. In case you also wondered: it turns out this might be a bug: #42189,wondered: it turns out this might be a bug:
628914459,"I'm not sure why this code is here, and why it is hard-coded to the `/testing/` path.",I'm not sure why this code is here
643506552,"This doesn't work in the presence of whitespace.
[TRIPLE QUOTE].
I would change your search string to `meta` instead.",doesn't work in the presence of whitespace.
670851195,"[USER] Since that affects all methods in the package, rather than just the proposed new ones, it would need to be changed consistently everywhere. Please feel free to open an issue about this!",.would need to be changed consistently everywhere.
166580511,"Oh, you didn't add composes and values. Well, I like it even more. Those features are hard to maintain.",I like it even more
324006383,"you're right, I should have wrapped the entire thing in the promise. I changed it, should be visible in the latest commit","you're right, I should have wrapped the entire thing in the promise."
926892894,"[BLOCK QUOTE]. I share your feeling that duplication of tokens should be reported as an error (see [URL] üòÑ), but strictly speaking that would be a breaking change and separate from this fix.",(see [URL] üòÑ)
655792163,"Depending on the synchronously-executed part of an API that's documented to return a `Promise` seems dangerous, and even before this patch error handling is broken if you try to do so. But I can still implement the synchronous `then()` if you'd like.",.seems dangerous
720379174,"Oh right! üôÉ This started as a Mac issue, I forgot to add the rest",I forgot to add the rest
629544142,"moved, though I'm not 100% on how I set up the tests for it also, worried that while it fixes a bug, it's a bit breaking because it was added into es5 half a year ago","worried that while it fixes a bug, it's a bit breaking"
899418860,"Thank you! Yes, it was a problem due to the `webpack-stream` plugin which depends on version 4 of the webpack. Unfortunately, this plugin does not support version 5 and now it is supported only in the [pull request]([URL] We are waiting for the merge))))","Unfortunately, this plugin does not support version 5"
661805785,"Oh sorry, you're good. I was misreading the open/close brackets for the parameters in SelectableText.rich.","Oh sorry, you're good. I was misreading the open/close brackets"
953862319,[USER] Sounds good. The crash is very random but always happen on the closing of the app. I'll work on a minimal sample app to see if it can be reproduced easily.,The crash is very random
886568180,"Thanks very much for your feedback [USER] Your point is totally fair. My intention was to highlight that camelCase or dash-case class names are perfectly fine to use in Angular templates. Most people, especially beginners, do not know that and end up using the `ngClass` directive. Do you think that rewording the alert towards that direction would make sense?",Thanks very much for your feedback [USER] Your point is totally fair.
704844644,"This change doesn't affect anything but makes the code more clear. If you look at the line about, `currentUrlTree` is set to `urlAfterRedirects`.",makes the code more clear
924140805,"[BLOCK QUOTE].
Just comment on the closed bug. We don‚Äôt unsubscribe from closed issues, and if there is a reason to reopen them or reengage with them, we do‚Äîas is happening here.
[BLOCK QUOTE].
I think you‚Äôre forgetting that you have ways of making plausibly correct subtypes of objects in JavaScript. It‚Äôs true that if you wind up with primitives you‚Äôre kind of stuck. [URL]
You can also do some arguably correct things with user-defined type guards, which are not checked for accuracy, but are not wrong and are less suspicious than casting to `any`. If you have some pattern of runtime reflection that TypeScript can‚Äôt analyze, but you‚Äôve convinced yourself of its safety and its utility, I don‚Äôt think I‚Äôd call that ‚Äúshenanigans‚Äù anyway; I‚Äôd call it a limitation of our compiler.
I guess we‚Äôll have to agree to disagree about what type parameters are for. I won‚Äôt be monitoring this thread anymore as the discussion has been exhausted of anything useful to resolving the original issue.",".closed issues, making plausibly correct subtypes of objects, about what type of parameters are for."
941234580,"I think you‚Äôre right that this would be fairly easy from an implementation standpoint, but there are two main reasons why we don‚Äôt want to move forward without careful consideration of the full problem space:
1. If we _simply_ add a flag that allows module resolution to work with `.ts` files, it will 100% contribute to the misconception that TypeScript does, can, or should emit JS files with the transformation `import ""./foo.ts""` ‚Üí `import ""./foo.js""`. We already have angry mobs demanding that this happen for `import ""./foo""` ‚Üí `import ""./foo.js""` so if we allowed `.ts` extensions on there without it being very clear what use cases it is intended to serve, it would just pour fuel on that fire.
2. Such a flag would look like a gift to Deno users, but it would actually be woefully incomplete for them. There are obviously a lot of other parts of module resolution that are either specific to Deno or shared between Deno and the browser that we don‚Äôt currently support, and I think those users would be confused and disappointed that we stopped so far short of proper support for these things.
Don‚Äôt get me wrong, I want us to solve all of these problems, but we‚Äôre still in the phase where we‚Äôre trying to develop a thorough understanding of all the different reasons people want this and what the existing solutions are.",.just pour fuel on that fire
701433441,Wow 2 minutes? Doesn't that sound excessive?,Wow 2 minutes? Doesn't that sound excessive?
646820683,Isn't it a bug if attributes or resources below is null here?,Isn't it a bug if attributes or resources below is null here?
953541913,"I don't think there's a way to distinguish what buttons are pushed when the mouse is clicked, unfortunately. We should add an onStartDetails handler (or probably just change the argument to onStart, if we can find a good way to `dart fix` it, but that might not be easy) that gives you that information.
Currently you only get that information on the first move update after the click.",I don't think there's a way to distinguish what buttons are pushed when the mouse is clicked
724610147,"Aaah I see. That is so true. What about something a bit more explicit like...
1. Execute `flutter run` code below
2. <!-- describe steps to demonstrate bug -->
3. <!-- e.g. Tap on X, see crash -->
This way it also nudges folks to fill out your code template below :) WDYT?",.That is so true
677808605,I'm not sure about adding these. Is this the way to do it or is there a better way?,I'm not sure about adding these. Is this the way to do it or is there a better way?
561172432,sorry about that..,sorry about that
665335063,mh.... yeah sorry about that :disappointed:,yeah sorry about that
626115467,Oh! Thank you!!! Actually fixed now. üôÉ,Thank you!!! Actually fixed now.
178605793,"This is incorrect.
Actually the usage of `this.chunks` below is incorrect. It should be `compilation.chunks` instead.
This happend probably while the migration from function to arrow function.
Better do a separate PR here, as we should also add tests for this.",This is incorrect.
956248457,"Hi [USER], This doesn't look like flutter specific issue but rather the flutter plugin for Android Studio, I would advise you to please file the issue in the dedicated repo [URL] Closing, as this isn't an issue with flutter. If you disagree feel free to write in the comments and I will reopen it. Thank you.",this isn't an issue with flutter
920707569,You really want a default behavior like this? [TRIPLE QUOTE]. Result: [TRIPLE QUOTE]. I doubt anyone will miss that. I think people are more likely to get upset that it won't finally be changed. It's not only related to a `Map`. I would really just remove this sort. Keep it simple.,doubt anyone will miss that
932994975,"[BLOCK QUOTE].
But it's not, as it has been mentioned several times already...",as it has been mentioned several times already...
799785939,"I didn't really run this part of my project on Friday, but I ran it as suggested all day today with no segfaults.
I'm a little confused as to what changed. I'm still running the same version of node as I was when using webpack 4 and didn't have this issue.
Is webpack requesting a different memory limit of node somehow? Or am I misunderstanding what's going on?",I'm a little confused as to what changed.
184582031,"Hmm this was causing some strange assertions, I'll double check here.",causing some strange assertions
742261922,"That is an awesome description, thanks!","awesome description, thanks!"
677784183,awesome points! I will amend this sorry :bow:,Awesome points!
887448093,"[BLOCK QUOTE].
Are you sure about this? I am a little confused based on docs which actually point to `watchOptions` inside `devServer` conf. Also, when I put `{ followSymlinks: true }` in webpack conf, nothing happens but adding it to devServer actually makes my app to recompile (though it does not hot reloads).",I am a little confused based on docs which actually point to `watchOptions` inside `devServer` conf.
950728707,"I have the exact same issue. For me, it happens for all kinds of widget tests, not just for text input. I'm also on MacOS and can confirm that running `flutter clean` then running the tests again would solve the issue.
Another thing to note is that I'm pretty sure I didn't have this issue before Flutter 2.5. Maybe something introduced in 2.5 caused this issue.",Another thing to note is that I'm pretty sure I didn't have this issue before
688181503,"Ah ok interesting, best to keep both then üëç",best to keep both then üëç
671822413,"cool thank you very much both, I will amend this :smiley:","cool thank you very much both, I will amend this :smiley:"
626601399,"Pete answered here: [URL] Thanks, both of you!","Thanks, both of you!"
716230227,"I highly doubt, but I can check tomorrow.","I highly doubt, but I can check tomorrow."
720239843,i'm not sure but i think this part was just trying to match the result of `findRenameLocations`. doesn't look like we _need_ this info.,i'm not sure but i think this part was just trying
677464104,I am a little confused by this implementation üòï (I am probably missing something üòÖ) Why aren't you using something more similar to [URL] What are you trying to improve on by having two different code paths?,I am a little confused by this implementation
932482827,"Good call, I assumed it would be an open-and-shut normative PR but it looks like it hasn't been updated for a while; let's hold off until [URL] is actually merged.",Good call
920773565,"[BLOCK QUOTE].
I can still see the unused functions used in the production mode also",can still see the unused functions used in the production mode also
595303968,"Code size/performance, yes I would have to agree","Code size/performance, yes I would have to agree"
951958223,I'm not convinced that the glossary should require public-api approval ü§î,not convinced that the glossary should require public-api approval ü§î
178605387,"This is not correct. A Chunk doesn't have this probably.
You probably found this in the HMR code. The template takes a `Chunk | { id, modules, removedModules }`. This is a kind of fake Chunk with this extra info.",This is not correct. A Chunk doesn't have this probably.
714192042,"sorry, didn't push yet...","sorry, didn't push yet..."
531047169,"Hah, sorry, yeah, ok. Diffs don't really expand in `checker` and I was reading on mobile~",Diffs don't really expand in `checker` and I was reading on mobile
680373369,"""Illustrate"" doesn't seem right. I think the original meaning was ""let's take an example of"" or ""let's take a look at"".",doesn't seem right
729462534,"[BLOCK QUOTE].
Is there an API that Flutter supports that allows to do that? I don't think the current embedding/engine APIs allows to pass custom parameters.
[BLOCK QUOTE].
That doesn't work unfortunately. The Dart plugin registrant isn't called. It might just be that the engine cannot find the dart plugin registrant because it isn't in the same file that defined the main entrypoint.",That doesn't work unfortunately
343838539,This change doesn't work correctly.,doesn't work correctly
343607217,"I think all files is unnecessary, plugins and webpack.js (as Node.js API) maybe.. don't know exactly",don't know exactly
880074565,"Yep, you are right, duplicate, let's close in favor [URL] thanks for hing","duplicate, let's close in favor [URL] "
685380165,I'm not quite sure what to do with the scale slop right now.,I'm not quite sure what to do with the scale slop right now.
711649080,"I don't have access to ""real"" Safari, but by playing in an emulator another option that I think would work (and avoid repetition) would be to use a `<g>` element and a CSS scale transform: [TRIPLE QUOTE]. ## Either way is not great, so leaving it up to you üòá",Either way is not great
957125817,"Yeah, exactly the same issue. Thanks for the link. But i need to recode to accomodate the updated pluging. I know i am asking for too much, but i just hope pluging developer don't just remove the feature just like that.",exactly the same issue
544653738,"Not exactly; it asserts that the exported symbol was in fact found to be exported by its module symbol, according to either the main program checker or the AutoImportProvider checker. This is basically redoing work during the completions _details_ request that was done during the previous completions _list_ request, so it should always be found, but of course there‚Äôs no guarantee of that in the types, hence the assertion. (It‚Äôs also the sort of assumption that could plausibly be violated by a bizarre sequence of edits triggering some race condition, or just wrong code, so we do see assertions like this come up in telemetry every once in a while.)",Not exactly; it asserts that the exported
720426290,"I think these are probably the same, but experience would advise not touching it if it‚Äôs not broken üòÖ",experience would advise not touching it if it‚Äôs not broken
539004530,"Oh.... Sorry for the misleading...
And, I am a little confused, if there is not any special folder, according to the module resolution [URL] How could file find the correct modules? Did I miss something?","I am a little confused, if there is not any special folder"
719432207,thank you for adding the lint rule. üôáüèª,thank you for adding the lint rule. üôáüèª
698685297,"Nice, thanks for adding this missing shape parameter to this.",thanks for adding this missing shape parameter
654631907,"This looks good, thanks for clarifying the docs.","This looks good, thanks for clarifying the docs."
705777941,Thank you for documenting these quirks üôè,Thank you for documenting these quirks
733987019,thanks for explaining your thought process! üòä,thanks for explaining your thought process!
483824904,Thanks for the clarification üëç,
680570961,"Ah wow! thank you so so very much for the clear explanation!!!! you're amazing as always! thanks so much!!! :slightly_smiling_face: ---
About your comment regarding the tsconfig file locations, my current solution uses the existing `.eslintrc.json` file so I'd imagine the tconfigs are relative to that one and don't cause issues, and it does lint the files inside the ts files inside the `firebase-test-utils` directory, I tested that by violating some rules there and getting indeed errors
But I understand that it could be beneficial to keep the directories self contained (especially after your explanation)
I will add an `.eslintrc.json` file there too then :slightly_smiling_face: , I think a good solution would just be to extend the existing `.eslintrc.json` (meaning `""extends"": ""../../.eslintrc.json""`), as that is also what the existing `tsconfig.json` does (
[URL]
)",Ah wow! thank you so so very much for the clear explanation!!!! you're amazing as always! thanks so much!!! :slightly_smiling_face: ---
708655866,[USER] Thank you for the confirmation.,Thank you for the confirmation.
724371984,Thanks for the detailed comment!,Thanks for the detailed comment!
644409707,Interesting. Thanks for the explanation.,Interesting. Thanks for the explanation.
853769619,"Thanks for the fast reply! I categorized it as a bug, sorry for the inconvenience...
I assume you mean to use require.resolve within the alias to have a direct path to the module. This however, still leads to the same result.
[TRIPLE QUOTE].",sorry for the inconvenience
499866660,"Ah, yes that's right! I was thinking about this case again over the weekend and forgot why I had previously realized it would be fine (because we skip the browser url update in this case ü§¶ )",.forgot why I had previously realized it would be fine
705830073,"Unfortunately I do not. I recall that a number of tests had to have their parameters updated to keep the ""goldens"" valid. The main intent behind this change was to fix the jitter users would experience as the scroll slowed down. I added a test for that invalid behavior, see `ClampingScrollSimulation velocity eventually reaches zero`.",Unfortunately I do not. I recall that a number of tests
715116533,"I don't see it, where is logger nullable? Doesn't it need to be present in `handleError`?","I don't see it, where is logger nullable?"
159822327,"Right, I forgot to remove this while investigating the failing test case.",I forgot to remove this
676953338,"yeah sorry, I got so focused on the other issues that I missed the simplest thing :cry: :sob:
`str` is 100% useless, I'll get rid of it, sorry :disappointed: :bow:","sorry, I got so focused on the other issues"
622142795,üßê awwww I have no idea how I managed that. Goodness! Thank you for catching this! üòÅ,Goodness! Thank you for catching this!
626079878,"Oh yes, I just mixed that one up. Fixing!",I just mixed that one up
646869077,"I thought I did, my bad",my bad
691553976,I think we're introducing extra whitespace here?,I think we're introducing
648607519,"Oh whoops, I thought I'd added this.",Oh whoops
717777299,I thought the scheduleMicrotask will also be pushed at the end of the frame? or am I missing something?,am I missing something
649409703,oh nice! I tried to find one but couldn't,oh nice! I tried to find one but couldn't
624256467,Sorry i wasnt very clear in my comment.. What i was saying was that comparison needs to be between `Path` but value needs to be string.,Sorry i wasnt very clear in my comment
645957280,"[BLOCK QUOTE].
Excellent point ! üëç
Let's go ahead without support of `undefined`, and I'll deal with it in my own code with one of the workarounds mentioned earlier.",Excellent point ! 
690217023,Thanks! I've extended a new parameter `autoWrap` to control whether or not to wrap the parameter automatically.,Thanks! I've extended a new parameter `autoWrap` to control whether or not to wrap the parameter automatically.
608856666,"Ok, so, in this case, we don‚Äôt need a semicolon because we had a line break and `{` is not one of the tokens that prevents ASI from happening. So here, we do want `Unexpected token. A constructor, method, accessor, or property was expected.` But if it were on the previous line, we‚Äôd want `';' expected.` Sorry if I led you astray in my previous comment‚ÄîI think what I said was right, but incomplete. This stuff is tricky üòÖ Some test cases:
[TRIPLE QUOTE].
which is what they all say in current master.",Sorry if I led you astray in my previous comment
692481694,"Not sure if it's intentional, but there's a test that specifies an output file without "".dart"" suffix:
[URL]",Not sure if it's intentional
829414970,"Seems to be closed in Terser, but not sure if released
[URL]","not sure if released
"
947366138,"[BLOCK QUOTE].
No, if there would have an overflow error, it would have shown in console too, which I don't see at all. Also tried scrolling but don't see any issue.",".if there would have an overflow error,"
724089127,"[USER] Ok. I've closed PR. If you have any interest in fixing this issue, I would be very grateful for that. üëçüèª",I would be very grateful for that
448856427,"Interesting idea. That's worth trying. I think I refactor the whole thing in a way to not leak the parsed version into the API, so all this is webpack internal and can be changed in future.",interesting idea
913650309,Is it possible that my issue described here [URL] is related to this issue here?,Is it possible that my issue described here [URL] is related to this issue here?
630039493,Why is the `| null` part needed? üòï,Why is the `| null` part needed
662642181,I don't understand. Is the concern that there might be multiple instances of the same component running?,I don't understand. Is the concern that there
692424334,Is this logic really needed? If we unroll the loop one more iteration we'll naturally hit the `ts.isArrowFunction` case above.,Is this logic really needed?
698729183,"I'm interested in what other reviewers think of this. In some cases multiple deltas are sent in one updateEditingValueWithDeltas, and in others just one is sent. Is this the cleanest way to do that?",Is this the cleanest way to do that?
691577537,Why is this here?,Why is this here?
922159377,It happens to me too. :disappointed:,It happens to me too. :disappointed:
662652274,This looks worse? It has `number[]` twice.,This looks worse? It has `number[]` twice.
874048172,"[USER] yep, it is bug, we will fix it, so we have it in `experiments` :+1:",it is a bug
613450356,"This name is a little confusing‚Äîit looks like it‚Äôs getting the constraint of a type argument, and then optionally drilling into a property of that constraint type, based on the syntax location of the cursor. I was confused about why we‚Äôd want to get a subtype of a type argument when its constraint is necessarily a supertype of it. Maybe `getConstraintOfTypeArgumentProperty` or something?",This name is a little confusing‚Äîit looks like it‚Äôs getting the constraint of a type argument
583047802,"I‚Äôm going to take a closer look at this implementation today, but first thing to note is that this test doesn‚Äôt actually generate the crash at #41925. I haven‚Äôt checked yet to see whether your changes do in fact fix that crash, but it seems like the test doesn‚Äôt actually prove that the linked bug is fixed.",it seems like the test doesn‚Äôt actually prove that the linked bug is fixed.
686060174,It turned out that this was a bit more complicated since we need to update `super` containers with proxies even if they are not async but only if they contain `super` accesses within an async function inside the `super` container. üò±,It turned out that this was a bit more complicated
613542715,ahh well it still is going to build all the time i guess... it was never tested scenario.. so ....,it was never tested scenario..
952016891,"You are right its a duplicate, even tho the issue is not very well described",You are right its a duplicate
177721513,It's merged. :tada:,It's merged. :tada:
688423762,"Correct, just fixed, thank you!","just fixed, thank you!"
644370206,Why just the first one? Why not hide them all?,Why just the first one?
658793281,"Looks fine to me. You could do this with a second regex replace (!) but I don't think it would make much difference to the performance, and this is pretty easy to follow.",Looks fine to me.
910832606,"Looks good to me.
Please move forward with the PRs to get your examples implemented.
Thank you",Looks good to me.
919132145,"[BLOCK QUOTE].
An optional spread argument makes no sense and is invalid. But `fn(...args: any[])` actually is callable without arguments.
[URL]",makes no sense and is invalid.
597535481,"I am maybe missing something but it seems to be a dead code anyways, because `this.watcher` is always `null` at this point so this `if` branch with `this.watcher.pause()` is actually never executed (see line 252)?
[URL]",I am maybe missing something but it seems to be a dead code anyways
657385922,"Same thing here, do we really need to use a todo if this is not meant for us?",do we really need to use a todo if this is not meant for us?
516378355,This might be a premature optimization. Happy to roll it back if people have concerns.,This might be a premature optimization.
955954934,"[USER] and others this has been fixed in latest webpack for almost a week now, please check the last comments and do not copy the first workaround you find - it's both unnecessary and might break other Node tools.",it's both unnecessary and might break other Node tools.
178769538,I prefer how Tobias wrote it. It is more expressive and easier to understand how it works.,I prefer how Tobias wrote it. It is more expressive and easier to understand how it works.
635391807,"OOC, why move this here? :confused:",why move this here? :confused:
540864006,"Yeah, pretty much that exactly.",pretty much that exactly
713436499,yep that is a much nicer way of doing it. Thanks Ron!,much nicer way of doing it. Thanks Ron!
944216399,"While I do agree with [USER] my argument why this shouldn't really be considered a bug would be on a much more fundamental level.
There is not much typescript can do about this without breaking it's [Non-Goal No 3]([URL]
[BLOCK QUOTE].
The only alternative would be treating properties that are known to be getters the same as function calls, which is not what you want in most cases, they are almost always supposed to be treated like regular properties. This kind of check is quite common check to prevent check if a value is not null so flagging it based on the signature alone would be annoying to most people that dont have such edge case uses as they'd have to do the non-null assertion even if it's not really needed.
So yes the only way you could detect it without troubling people when it mostly isn't necessary is by analyzing the flow in depth, which isn't worth it for such an edge case in my opinion but the issue above has more discussion on that.
On top of that a simple way to avoid this using modern ECMAScript features is `a.member?.do()`.",".this shouldn't really be, which isn't worth it"
723625280,"We must not forget to add this at some point, although the text works without it.",We must not forget to add this at some point
175305372,Oops my bad,Oops my bad
685491920,"yeah, sorry my bad :disappointed:",sorry my bad
695142359,"Ouch my eyes hurt as I read what I wrote !
Anyway, the more I look into it, the harder it is for me to find a better wording...I think that the use of the future tense and the ""and"" made me wrongly believe that somehow the second part of the sentence was a consequence of the first one.
Maybe because it just happen that the browser doesn't wait for these operations, the use of the present tense would be more appropriate : _The HeroService must wait for the server to respond, getHeroes() cannot return immediately with hero data, and the browser does not block while the service waits._
If this proposition is not convincing, I think I will consider closing this PR: I would not want to overcomplicate the sentence because I alone mis-interpreted it.
Thank you for having taken the time to answer me üòÉ",Ouch my eyes hurt as I read what I wrote !
713771774,"Oops my mistake. This should be:
[TRIPLE QUOTE].",Oops my mistake.
665713857,I am a bit torn on instructing people to read the comment for context. Would it be better to express the reasoning here instead?,bit torn on instructing people to read the comment for context
878517138,"[USER] I don't think that it would be possible to get this fixed in Angular v8, but many thanks for investigating the root cause and posting info here.",many thanks for investigating the root cause and posting info here
956013136,"[USER]
This is the correct place to report this issue. Can you provide `flutter doctor -v` and any evidence of plugin unable to release the memory.",This is the correct place to report this issue.
721770912,"Good point and that's pretty slick but it may not help with the ""pretty complicated"" issue :-). Factoring out the resolve function makes it a little more obvious that we're just return the first MaterialStateProperty that resolves to null. So:
[TRIPLE QUOTE].
That's pretty close to what you had, whichever way you find more readable is OK with me.",OK with me.
656631873,"Good point. In that case overflowAlignment applies. This would be a good place to mention overflowAlignment, I'll add it.","This would be a good place to mention overflowAlignment, I'll add it."
691682727,"It doesn't seem to be an easy change, cocoon is still using existing `updateRequest`, which is different from the properties defined in TaskResult. I prefer to have that change in a separate PR to avoid breaking anything before validating the effectiveness of the intended logic. Created [URL] to track.",prefer to have that change in a separate PR to avoid breaking anything
173051390,You should probably delete this..,probably delete this..
800194469,"[BLOCK QUOTE].
No
Problem still exists? Do you try the latest version of v5?",Problem still exists?
681312224,"I think that's a pretty good, realistic example of this üëç","I think that's a pretty good, realistic example of this üëç"
305635514,I see no reason why this can't be inlined into `getPolicy`,no reason why this can't be inlined into `getPolicy`
824976425,"same result unfortunately
[TRIPLE QUOTE].",same result unfortunately
616117268,Seems good!,Seems good!
932418639,[USER] & my approval should be enough for this.,my approval should be enough for this
910717385,My fault :confused:. What should be the name of the option for this case?,My fault :confused:
566340114,"consider unit testing this function. It's a pure function which should make it easy to unit test, it's reusable, and it's non-trivial enough to warrant a test IMHO.",.should make it easy to unit test
932608742,"[BLOCK QUOTE].
My ""pleasure"" (I guess :-D ) [USER]
[BLOCK QUOTE].
Ah, wow. Sorry to learn that, but thanks
[BLOCK QUOTE].
Hehe, that is probably a good thing indeed, but we need to stay realistic until the (featured) templates cover all situations.
[BLOCK QUOTE].
Hehe, the report might seem exaggerated, but the current situation is certainly confusing / sub-optimal. If you are referring to a ""merge request"", I have not changed anything, but it seems trivial.
Is there a reason why this ticket is closed?",wow. Sorry to learn that
788800390,"It is the same problem, duplicate, yes steps are different but the problem is the same",steps are different but the problem is the same
652291343,Is this change still break the G-test or internal test?,still break the G-test or internal test?
887502766,[USER] ci still broken(,ci still broken
702517538,"hi [USER] thanks for catching mistake. Regarding your comment
`we can probably have min/max and a value in tests as float numbers and come up with a case when parseInt would cause an issue`
So I doubt this can be valid scenario because if min is `1.0` and max is `3.0` and user enters just `2` then still it will be correct to user always enter decimal value developers should add pattern or regex.
Please feel free tp correct me If am wrong in above scenario or in case you have other thought in your mind.",.So I doubt this can be valid scenario
954948987,"Yeah, that's a good suggestion.",that's a good suggestion.
171155778,Not sure I agree with this particular change. It breaks the grammar of the sentence.,Not sure I agree with this particular change.
553662723,"Also, whatever function this ends up using, it‚Äôs likely to be more expensive than the next couple conditions in this function, so this calculation should be moved to be the last.",it‚Äôs likely to be more expensive than the next couple conditions in this function
725279828,"Thanks, that explanation makes sense.","Thanks, that explanation makes sense."
902995065,"I agree that I rarely need this feature, however when I use any of the 'tsconfig' packages, e.g. [URL] I often want to use both that and some base config that has my common rules in. Currently, the only way to use tsconfig packages is to maintain parity -- which is, to some extent just fine.",I agree that I rarely need this feature
881669113,"Heya, sorry it took me a while to respond. I think I understand what you mean in your last comment about parameter normalization and I agree that it's a different issue, so no need to worry about that in this PR. I think I agree with your analysis that numeric parameters should not cause normalization failures due to a hidden conversion to strings.",.I think I agree with your analysis
629735298,"That looks good, but you could also just use a class field in the binding and update it [as described here]([URL]",That looks good
477496765,"oh, that makes sense; `@see {@link ... }` is a pretty common construction I think. never mind.",
702198884,that makes sense. just FYI this may lead to a bigger overall image size (although maybe with caching image size isn't an issue for our cirrus builds?),that makes sense
951499389,"Ahh yes ok, that makes sense.","Ahh yes ok, that makes sense."
740060843,"I am not convinced that multiformat runs of ngcc are more typical even on the command line.
Obviously the CLI will target only one property per entry-point.
But command line users who are not doing something similar (by providing a list of acceptable properties and asking to only build the first one) are probably wasting a lot of time processing formats that are not used.
But I think it is reasonable to keep one of the two (property or format) in the info message. But I found that keeping both just added a lot of noise to the message, making it less helpful.","I am not convinced that multiformat runs of ngcc are more typical even on the command line.
"
877601081,"I feel that this decision is wrong in many ways.
* Angular and RxJS go hand in hand from the beginning. In fact I came to know RxJS thanks to Angular. I don't think this was a bad decision. It was a nice standard way for Angular to be reactive. For me the places where it was not used, like `@Input` or lifecycle hooks, feel out of tone from the rest of Angular.
* How do you plan to remove or replace Angular's dependency on RxJS without introducing a massive backward incompatibility breakup like in the AngularJS -> Angular 2+ era? Don't repeat history but learn from it!
* If you manage to not create backward incompatibility issues, then why do you think that introducing input as observable will?
* It _already_ is possible to merely see the usage of observable/observer as a Subscribable pattern. RxJS was meant to be functionality around this pattern. But because Observable was not an ECMA standard like Promise, Observable was included in RxJS. If I remember correctly, Ben Lesh regrets his decision not to make Observable a separate lib apart from RxJS, because now the two are seen as one while in fact they are not.
I hope this decision is reverted soon and Angular will return to it's declarative reactive path instead of holding on to partly forcing users to use error prone imperative reactiveness.",that this decision is wrong in many ways.
872327838,I'm afraid that this got no community support.,I'm afraid that this got no community support.
537022104,"Sorry that was a bit unclear. I'm not against the prefix. I was only complaining about the `Compilation finished` message, which is redundant to the `webpack compiled successfully` message in the stats output. A prefix is good in general for all other messages...",sorry that was a bit unclear
527286267,"I was worried that, if I declared it as something other than an expanded union, we might change the representation in the future, silently invalidating the test. For example, one can imagine specializing type comparison for string template types so that the union didn't have to be expanded. TBH, string template types hadn't occurred to me, but I did specifically avoid using conditional spreads.","I was worried that, if I declared it as something other"
957179425,"Flutter has not provided us a way to change it, so the document is impossible for now.",the document is impossible for now.
925392557,Unfortunately the fix wasn't quite right and we decided to revert it and investigate more for next release‚Äîsee #46009 and #46012,the fix wasn't quite right
713918292,Ya that's totally fair! I decided to add it for both test cases just for my own sanity that it narrows it down correctly. Appreciate the help and guidance üòÑ,Appreciate the help and guidance
638742132,I like the idea of having a class üëç,like the idea of having a class
933258523,"Also somewhat related: #41470.
---
I find the idea of ""local"" types declared within the implementation body to leak outside extremely unpleasant and disturbing. This would also require additional new syntax for declaration files, which was not considered at all in this issue. I hardly see any benefit and a lot of complexity.
And unfortunately the issue template for feature requests was not filled out.",.the issue template for feature requests was not filled out.
534503726,"I love the subtlety of this fix and I keep on being amazed that DevTools ""fuzzes"" TypeScript üòÇ","subtlety of this fix and I keep on being amazed that DevTools ""fuzzes"" TypeScript"
722474737,"I definitely agree that the name is confusing, but couldnt think of a great way to create a new variable which remains backward compatible. Let me give it another go. I like the suggestions you gave above",like the suggestions you gave above
608001823,"There are a couple failing tests now; I‚Äôm guessing some of this was still important. If I had to guess, I would say that this `else` block needs to be preserved for insertions where the next element is on a different line.",there are a couple failing tests now
917098487,"Oh, there are different failures now üòû I'll have to take another look üòÖ",there are different failures now üòû
247910899,"""I thought the original pull request needed just a rebase. I'll look into it. Do you have any suggestions what needs to be done?
Also - I'm not sure why there was such a complex test function [URL], the test can be simpler, right?
And looking at it some more, maybe `Preserve existing chunk as an entrypoint when it has matching modules` is not a very clear description, or is it? I'd suggest something like `Preserve entrypoint when it has same name as chunk`?""","I'm not sure why there was such a complex test function [URL], the test can be simpler, right?"
724075575,"There's really no need to get so defensive, this wasn't meant as an attack or anything like that. I saw a discrepancy and voiced concern. Just ignoring the question and just closing it wasn't the nice way.
There are many different ways to solve this issue. Which way is a good one highly depends on the existing code base and the stance of the team regarding this, and my knowledge about the code base is very little.
- Make the `name` property of the existing interface optional.
- Add a new interface with the `name` property optional for this case.
- Use a null-object if an empty name is valid (might cause issues at different locations when a non-empty string is expected).
- Do the workaround just as you did.","There's really no need to get so defensive, this wasn't meant as an attack or anything like that. I saw a discrepancy"
692538172,"these comments seem superfluous to me -- the intersection one might need a comment if it were on its own, but here it's clearly the inverse of the union case, and the union case is clear as-is",these comments seem superfluous to me
644290236,I don't think .call is necessary here,I don't think .call is necessary here
873375987,"I don't think we are at a point where adding this syntactic sugar would improve things noticeably. The `entryComponents` are no longer a thing, so that improves the situation a bit.
Also, we would need to keep the existing APIs, because there are cases where you want more configurability. As a result, we would be introducing multiple ways to achieve the same thing, which is undesirable.
Based on the above (and the relatively low number of upvotes), I am going to close it. In the future, once the `@angular/elements` APIs are more refined and stabilized, we can look into ways to streamline the syntax.",I don't think we are at a point where adding this syntactic sugar would improve things noticeably.
646867180,"I don't think we can't do this, because it will be different depending on what the width of someone's terminal would be when running the tests (aka it'd be inconsistent)",don't think we can't do this
572453108,I don‚Äôt understand this; can you explain?,I don‚Äôt understand this
680512074,"Why this change? ""Native"" sounds more appropriate/accurate than ""built-in"" here :confused:","Why this change? ""Native"" sounds more appropriate/accurate than ""built-in"" here :confused:"
644306608,"Sorry, I don't understand this comment.",I don't understand this comment.
694843924,"This comment is outdated now, It defaults to 80 all the time regardless of labelBehavior",This comment is outdated now
708503165,I don't think this import is necessary. What was the reason for adding it?,I don't think this import is necessary.
159985236,Right. This is embarrassing...,This is embarrassing...
561371829,"in context, I think this is a pretty good name.",I think this is a pretty good name
681206232,"Oh I see, the rest was factored out of the assert. This is a really nice clean up.",This is a really nice clean up
654710933,"This is getting a bit too clever... it seems we're relying on the fact that this returns `undefined` for all _other_ kinds of type nodes, correct? At the very least, we should have a comment here explaining:
1) what kinds of nodes we want to return `INELIGIBLE` for, and why.
2) the mechanism by which eligible nodes end up getting selected.",This is getting a bit too clever...
656585390,"yes, this is the way i will go about fixing this issue. Please make sure the mechanism is only enabled during debug mode, i.e. wraps the logic in an assert","yes, this is the way i will go about fixing this issue."
916475242,Closing. This isn't feasible at this time.,This isn't feasible at this time.
526495093,You are right.. this must be friday evening brain fog.. external projects can create configured projects not inferred projects so this doesnt make sense. i am updating the test case..,.this doesnt make sense
665722743,Just wanted to note that I appreciate this name to avoid the keyword `class`,Just wanted to note that I appreciate this name to avoid the keyword `class`
641696774,"Wow, this was a tricky one. Thank you!",this was a tricky one. Thank you!
947000738,"[BLOCK QUOTE].
This is very disappointing - this will require us to introduce a build step in our monorepo development environment",This is very disappointing - this will require us to introduce a build step
730257276,This class doesn't seem to be used üòï,This class doesn't seem to be used üòï
684542134,It's not clear to me what the differences are between expand and extend from reading the documentation.,It's not clear to me what the differences are between expand and extend from reading the documentation.
678671514,This sentence is hard to understand. Maybe rephrase?,this sentence is hard to understand
956260525,I don't understand the use case. This would add unnecessary complexity with no real benefit.,would add unnecessary complexity
902790283,Very good point.,Very good point.
175672802,"Yeah, will edit that, sorry. :smiley:, wanted to ask question related to mocking.",.will edit that sorry
184581200,"I agree we can discuss there. If we need to change, I'll go in and remove where needed.",I agree we can discuss there.
856050690,"Sorry we can't fix it in webpack or webpack-dev-server, anyway feel free to feedback",sorry we can't fix it
274094522,"Yes, We need to implement features that can be used with the file/url-loader. So, I want to implement it in the next step. Also, I want to move all test cases from these loaders.",.can be used with the file/url-loader
163396586,"Touche. Haha well we should just update them all in one PR, not this one though. üòÇ",Touche. Haha well we should just update them all in one PR
615399836,üòï So we should simply ignore private `Symbol.iterator/Symbol.asyncIterator` when checking unused members?,So we should simply ignore private
637396180,"Is this actually relevant to this bug?
It seems to me that this PR has two parts:
1) Fixing the bug which is when there is only one task, and that task has a error, we were not throwing the error.
2) Speeding up the case where there are multiple tasks but only one of them has an error.
Is the second part actually necessary? I think the code could be smaller without this performance change.",.Is the second part actually necessary
938967285,"Merge assistance: it looks like NgBot is confused: the necessary approvals were provided, so it's safe to proceed with the merge.",it's safe to proceed with the merge
562449136,"Wait, what do you mean? And is this a TS bug too?",what do you mean?
920818407,[USER] I actually don't understand what is an issue? original issue fixed in webpack[USER],I actually don't understand what is an issue?
923881959,"That is an interesting idea [USER] I think the wording should not mention redirects, since that is not what is happening. Perhaps ""leaves angular.io domain"" or ""external URL"" might be accurate.",.might be accurate
903122738,"But you can use `--profile` and avoid output stats, I don't understand what is the problem with `--stats verbose`",I don't understand what is the problem with
661718222,"[BLOCK QUOTE].
It sounds like with the current implementation something in the first row should be auto-focused, and then it will be unfocused so the scope is gonna get the focus,
and with this patch the second row (or whoever got mounted first and remain attached after the first frame) should be autofocused.
I'm not sure what the expected behavior is in this case.",I'm not sure what the expected behavior is in this case
646623642,I‚Äôm not 100% sure what the implications are for removing it‚Äîwe should check with [USER] ad [USER].,I‚Äôm not 100% sure what the implications are for removing it
651170934,not sure what this id is adding. Is this meant to be used in the test?,I am not sure what this id is adding.
719360325,"sweet! I love what you did here [USER], the assertions are much nicer after JSON.parse. Awesome!",sweet! I love what you did here [USER]
692149722,"You're right. What's a better wording for this paragraph?
How about
[BLOCK QUOTE].",What's a better wording for this paragraph?
664890186,I'm... Not even sure what's different at a glance,Not even sure what's different
880021733,Jetbrains has their own analysis of Angular templates so it's unclear whether this is an Angular bug or not.,it's unclear whether this is an Angular bug or not.
722392706,Why did you mark this conversation as resolved? I'm confused.,Why did you mark this conversation as resolved? I'm confused.
716975979,"This looks scary, why we need to put this in a microtask? also do we need to debounce?","This looks scary, why we need to put this in a microtask?"
665720185,"Not sure why we're doing case analysis here. The value of `shape` can be any OutlinedBorder, not just one of the predefined subclasses. Why is `shape!.paint(canvas, _thumbRect!)` insufficient?",Not sure why we're doing case analysis here.
166578897,"Guys I just hadn't the time to finalize the local stuff I'm working on for the `postcss-icss-*` side of affairs, this stuff (dependencies) will be moved soon from the PR :D üòõ. Happy with every `postcss-value-parser` that is capable of parsing `@import/url()` for the initial `CSSParser` in it's default state. `css-modules` will still be an opt-in either via `postcss-loader` or something like
[TRIPLE QUOTE].",:D üòõHappy with every `postcss-value-parser` that is capable of parsing `@import/url()`
952413616,[USER] says verbally that he's ok with it too.,he's ok with it too.
567249541,"I agree with the more general point that it is rarely useful to look at the constraints of types when determining whether one is an instance of the other. I do think, however, that this is one of the rare cases where it actually is useful.
I completely agree with all the other points you're making üôÇ
I also added your example to the test, although I don' think it will be immediately impacted by the change.",I agree with the more general point that it is rarely useful to look at the constraints of types
950480127,"[BLOCK QUOTE].
Works perfectly that way! Thanks!",Works perfectly that way! Thanks!
550365711,"Love it. how do we do that?
Update: Well you already explained. I'm gonna try to do it üòÖ",.Love it
738877939,"I love this!!!! George, you are awesome! üòÑ","I love this, George you are awesome, üòÑ"
552161218,You are right because it would resolve completely to actual path even if equivalent of npm link kind of thing is used .,You are right because it would resolve completely to actual path
715216708,"Unfortunately, you can't change the name and remove bringup from this PR","Unfortunately, you can't change the name"
568290121,"You cannot rely on parents in transformers, prior transformations do not set them so they are likely to be `undefined`.",You cannot rely on parents in transformers
655711946,You could certainly be seeing an artifact of the fourslash client üò¨. Have you checked the behavior against a Real Editor?,You could certainly be seeing an artifact of the fourslash client üò¨
742167525,"You saved me a few minutes of head-scratching staring at that URL, I appreciate it!",You saved me a few minutes of head-scratching staring at that URL
897875936,"[USER] unfortunately as [USER] mentioned without a reproduction, even shared privately it will not be possible to get to the bottom of this.","without a reproduction, even shared privately it will not be possible"
453322531,cache results at least for first one.. not sure because of merge result is cached (at least for resolver options),not sure because of merge result is cached (at least for resolver options)
657494742,"Yes, because usage indicates that it's unhelpful.","Yes, because usage indicates that it's unhelpful."
703903526,"The wording here is inconsistent with other similar messages, such as: [URL] [URL] [URL] [URL] [URL] Not that we're terribly consistent, but ""cannot be specified"" and ""can only be used"" are the most common qualifiers we use."," consistent, but ""cannot be specified"" and ""can only be used"" are the most common qualifiers we use."
787106547,"Yes, `output.devtoolNamespace: 'no_slashes_here'` fixes the issue, by just using something other than package name, thanks. Sorry for bothering, i should probably read the entire webpack docs from start to finish one day. Stackoverflow couldn't help for days.
I am still a bit confused, why a default of package name including slashes was chosen, but i guess I can wonder about that after some more research on the topic.
Thanks again :)",why a default of package name including slashes was chosen
866833762,You can't do it dynamically,You can't do it dynamically
685514378,"You are totally right about the commas and the regex, I actually took a very naive and brittle approach and felt ok with it because it passed all the tests
as soon as you mentioned that and I noticed a regex I right away got what where you were saying and totally agree with you of course
I'll see to make the change and add the tests, so sorry for my silliness :bow: :bow: :bow: :cry:",sorry for my silliness
732155277,Thanks for the picture. This is great context that should be added as a comment,This is great context
726535928,"[USER] thanks for your excellent code review, I totally missed both of those.",thanks for your excellent code review
738369609,"Your approach looks fine to me :smiley: The only thing is that the last part, `(?<!\d)}` would incorrectly skip (i.e. not escape) something like `x1}`. So you could make it more strict with `(?<!{\d+)}`. You can also simplify the middle part: [TRIPLE QUOTE]. Other than that, looks great üëè",Your approach looks fine to me 
730143882,"Your changes do seem to be doing the trick and the tests pass with them, thank you very much, I committed them
(but I will need to come back to this tomorrow with a clearer head and reason about this stuff to understand the logic better :sweat_smile:)",Your changes do seem to be doing the trick and the tests pass with them
897560867,"[USER] Thanks for the quick answers! It is good to have this cleared out of the way.
I do like your clarification on how this is a different dynamic as using Angular elements.
[BLOCK QUOTE].
This would be the same thing as it is for stand-alone(module-less) components, or am I looking from the wrong side? Those problems need to be solved anyway for truly dynamic components as far as I can see.",It is good to have this cleared out of the way.
523003305,"I'm not sure how to fix this, nor if this is acceptable in this test case. Namespaces in TS are magic to me üòÖ",Namespaces in TS are magic to me
694986103,This is nice and clean! Awesome!,This is nice and clean!
912968761,"When you create reproducible test repo please avoid using private package, unfortunately nobody can test it: [TRIPLE QUOTE].",unfortunately nobody can test it
498581436,"Slightly afraid of all the places that are going to need to be patched up in the future to check like this, but I guess that's programming",all the places that are going to need to be patched up in the future
932410737,"[BLOCK QUOTE]. Great. I'll wait for everything to go green, then merge and sync. I'm a bit scared of missing stuff in the Slack, so pls remove the merge label if that changes!",scared of missing stuff in the Slack
164284889,Nope this is still proof of concept and is a good reminder that I forget console logs. üò¨,I forget console logs. üò¨
779270595,"Yep, bug, thanks for the issue","Yep, bug"
161802761,"neat, thanks for the tip.",thanks for the tip.
706383441,"Thank you for this suggestion! Just made the change, the variable names are definitely more understandable now.",Thank you for this suggestion!
694266175,"Ah my bad! Thanks for your comment [USER] I think my confusion comes from the fact that I made the wrong assumption that part ""the browser will not block while the service waits"" was a consequence of the first part of the sentence. Here is a proposition of a new wording: _The HeroService must wait for the server to respond, getHeroes() cannot return immediately with hero data, and because the browser don't block while the service waits the heroes property won't be updated._
What do you think?",Ah my bad! Thanks for your comment
680251404,"That is actually a good point, let me think about this more",That is actually a good point
657684839,üò± - good spot.,üò± - good spot.
499866755,ah! Got it [USER] thank you.,ah! Got it [USER] thank you.
736878776,"I'm not sure, this test is similar to the previous one for ltr text.",this test is similar to the previous one
688922297,"Ah good point, not sure how I missed that üòÖ",not sure how I missed that
946029784,[USER] [USER] I am not sure how to fix this since I cannot reproduce locally. Do either of you have ideas for a fix?,not sure how to fix this since I cannot reproduce locally
803216554,"I have signed CLA but job is marked as Pending, not sure how to resolve.","job is marked as Pending, not sure how to resolve."
942688270,I closed it because it's gotten 3 upvotes over the past 3 years,it's gotten 3 upvotes over the past 3 years
705653059,Feel free to file a bug for that - that code has a history of breaking :\,that code has a history of breaking :\
919082522,I disagree. A framework is exactly that: Decreasing the complexity and amount of written code and avoiding duplicate boilerplate code., A framework is exactly that
638232605,"I was thinking about this check more and I think this might actually become a source of flakes on CI. Also since this check would be invoked for each change and some URLs might become unreachable over time, we may end up with failing CI for main branches that would not be directly related to the changed code.
I think the check is still useful, but I'd propose making it a warning instead and log the findings to the output (avoid throwing an error). In this case we would have all the necessary info and tooling to do these cleanup once in a while, but avoid flakes and CI failures due to 3rd party websites availability.",.we may end up with failing CI
671719392,I am not sure about this... it looks nicer but maybe it's be better not to use new JS features?,it looks nicer but maybe it's be better not to use new JS features
662590100,Yeah that sounds good! I was a bit confused about what `delta` was since there are at least 2 pointers involved in a scale gesture.,I was a bit confused about what `delta` was since there are at least 2 pointers involved in a scale gesture.
944899862,"Please vote for specific issues, or file new issues with specific details if you have issues that are not already filed.
Closing as this is not an actionable issue.",Closing as this is not an actionable issue
881785239,"I see the problem here, but unfortunately Angular does allow recursive components, so I don't think we can automatically make this an error.", Angular does allow recursive components
625279107,It doesn't appear to be deleted?,It doesn't appear to be deleted?
685384838,aren't these Fuchsia specific too? Are they passing because they are working correctly or just passing by mistake?,Are they passing because they are working correctly or just passing by mistake?
82121251,I am not sure what you mean by that,what you mean by that 
89186541,It seems like you don't use this require anywhere?,seems like you don't use this require anywhere?
90701231,oops üòÖ I haven't implemented the tests yet so I hadn't audited yet.,oops üòÖ
92501584,"I also agree, but lets keep them for now since we aren't done with setting it up on webpack.js.org yet.",I also agree
94004246,These conditions are weird. A test should have an expected behavior and not two possible.,These conditions are weird.
94004395,I simply took what was above in the same file! I do agree they don't really make sense though.,I do agree they don't really make sense
94057267,"[USER] my bad! Thanks for the suggestion, I have removed the leftovers from testing.",Thanks for the suggestion
94108066,"No probs, thank you for double checking.",thank you for double checking.
94288011,I made my first commit at 4AM :-) May be why! Thank you,May be why! 
94291425,wrapping these lines into block will make linter happy :),wrapping these lines into block
94314710,Thanks for the feedback. Done,Thanks for the feedback.
94482514,I'll wait on this one before merging. Nice work overall.,Nice work overall.
94504993,"Yeah, that makes sense. I have omitted the output property from the test.",that makes sense.
94506335,"not sure, which space are you guys referring to? or should i add one here?","not sure, which space are you guys referring to?"
94530840,"Yeah that looks great, I think that is a good approach.",that is a good approach.
95046608,Heh didn't even notice this in the src before that's awesome.,didn't even notice this in the src 
95076433,‚ùì Not sure if this file should have been committed,‚ùì Not sure if this file should have been committed
95499985,[USER] I thinks it's better to leave it as is (i.e. string concatenation) than this for better readability,better to leave it as is
96147085,probably much more readable :D like that.,much more readable
97830353,"Done. Strangely, falling tests, when I tried to remove it before","Strangely, falling tests, when I tried to remove it before"
101927254,That's not the same as before. Would be a breaking change if you change this.,Would be a breaking change
101964698,uhh good catch. and yes should have further cleaned up.,good catch
102410303,"This is unrelated to your changes. Could you rollback this, please?",unrelated to your changes.
108326688,My bad. Looks like didn't load the .editorconfig at the time. It's weird. I've reinstall my editor plugin then fixed it.,Looks like didn't load the .editorconfig
112711969,"You forgot to add the prettier rule to the eslint rules. This does nothing currently.
[URL]",You forgot to add the prettier rule
117588007,on second thought not sure i should have switched n and t. it looks like it might change the behavior of the resulting code. but i'm not sure why the output switched either.,not sure i should have switched n and t.
122603437,"yeah, I wasn't sure if this approach is ok and if I wanted to shadow as little as possible from the initial set (: happy to add some logic there",(: happy to add
132652883,That's a great idea. A Tombstone object,That's a great idea
138079032,Okay thanks. I wasn't sure about that.,wasn't sure about that.
139083319,"I guess this could be more efficiently processed, but I guess it would break the code generation because of the assumption that the prefix can be replaced with a string literal.
But as nobody writes such code by hand and babel won't generate this code (first argument to concat is always an expression), we can keep it simple.",it would break the code 
139258275,"Oops, that wasn't intentional",that wasn't intentional
150086821,If this is just github displaying tabs `\t` weirdly forget what I said then üòõ,üòõ
152751925,should not be here,should not be here
153119784,Not sure if it's a good idea to set this global variable here.,not sure if it's a good idea
157323470,I think I like your first suggestion because it allows us to keep the hooks in one place.,like your first suggestion
157376729,"hmm for some reason i thought it was opposite, updating. Thank you [USER]","i thought it was opposite, updating."
157990120,"Not sure about this. Once `prettier` will land, we won't have to worry anymore",not sure about this
159079807,I had to remove them because of the mocking system. Many tests were failing because of additional hooks.,Many tests were failing because of additional hooks.
159144172,This one was really hard to debug...,This one was really hard to debug...
168005195,Then it's fine üëç,Then it's fine üëç
186009736,This is wrong for `index === 0`,for `index === 0`
186031083,"This is wrong. If options is `undefined`, then `bail` is not a `boolean`","If options is `undefined`, then `bail` is not a `boolean`"
186056719,I am not sure if it is fine to edit an existing test.,edit an existing test
186620605,This is wrong,This is wrong
187519600,"Sorry, I meant to include the exposed variables in the diff.","Sorry, I meant to include"
189286545,Remove this whole file. It's a bad test because it test the internal behavior.,It's a bad test because it test the internal behavior.
189431101,"hmm.. I'll remove it, but the problem was there before this change...",but the problem was there before this change...
191767183,"I'm stuck here, I don't know how to get the used exports [USER] thanks",I don't know how to get the used export
191852312,"Yep, something is wrong",something is wrong
194542610,"[USER] If you need help, feel free to assign us to a respective project, sub-ticket we can work on.","If you need help, feel free to assign us"
195418891,"aaa I see what you mean, sh...... ok, sorry will fix this",I see what you mean
197090722,"Not sure what exactly to put here, would appreciate some guidance",Not sure what exactly to put here
198086388,"Not sure if the above changes are needed since we already do that in `WebpackOptionsDefaulter`.
/cc [USER]",since we already do that in `WebpackOptionsDefaulter`
202604993,Not sure why the snapshots changed...,Not sure why the snapshots changed...
206464542,Yep. I was hesitant. That's probably the best move.,That's probably the best move.
215908087,This change is strange. Why is there such a big difference?,Why is there such a big difference?
220100243,Is this the correct way? I don't think so... üòõ,üòõ
221837163,Still not sure if this handels all possible cases... :),not sure if this handels all possible cases...
225843589,You should not repeat fields which are serialized in the base class.,which are serialized in the base class
225866422,"No it isn't, good catch",good catch
243922465,Not sure if the test makes sense this way,Not sure if the test makes sense this way
245948453,"Why is this change made?
We want to have caching in the CI.",Why is this change made
247323467,this will falsely abort recursing into parameters of arrow functions,falsely abort recursing into parameters of arrow functions
247501571,Yep. Same concern for me.,same concern for me
282613868,"My primary concern is performance. I'd rather avoid lookups against the `resolver` for every generated identifier, if possible. The only case where this check seems like it is needed is [here]([URL] so incurring the cost of the lookup for *every* hoisted variable is unnecessary overhead.
I would still recommend that we add `addBlockVariableDeclaration` for this case, but we can mark it as `/* [USER] */` for now and revisit the API for custom transformer consumption later.",My primary concern is performance
322592231,"That looks suspicious. Should it be more like this:
[TRIPLE QUOTE].",that looks suspicious
343840578,"Many attached types are missing here.
This seem to be a typescript bug.
Source file:
[URL]",seem to be a typescript bug
351888259,I think here mistake,think here mistake
379757627,Good catch :clap:,Good catch :clap:
391751718,"Bug, i think it is breaking change",it is breaking change
407966535,"That's not something you can use here.
signals is something for the CLI not for a plugin.",signals is something for the CLI not for a plugin.
441936829,ü§¶ It was meant to be: [TRIPLE QUOTE]. Do you have any suggestions?,It was meant to be
467174466,"It's legal, but not correct. The car would have the ModuleDependency, but at runtime it could also have other types. That's why it's wrong.
You must only use casts when the type is restricted at runtime but typescript doesn't know about that. Here the cast is useful to tell typescript that you are sure that this is the type here.","The car would have the ModuleDependency, but at runtime it could also have other types. That's why it's wrong."
485136866,"This looks sketchy, but I manually verified that the assertion should hold in all cases we currently have; it‚Äôs just hard to encode it into the types. The only times `host.getCurrentDirectory` is `undefined` are
1. The command line parser and typings installer each call the module name resolver in an ad-hoc way under certain circumstances, but they pass a hard-coded `compilerOptions` that lack `paths`, so this code path is never taken.
2. `Project` calls `getAutomaticTypeDirectives` with a `DirectoryStructureHost`, but that function never uses `host.getCurrentDirectory()`.
Changing `ModuleResolutionHost['getCurrentDirectory']` to be non-optional makes these call sites a bit of a nuisance.",.assertion should hold in all cases we currently have
488231078,not sure what is correct now.. web or browser? [USER],web or browser?
494426360,"this error comes from the same information as before, and is just as correct; I'm not sure what caused it to change, though.","what caused it to change, though."
540428972,"You can still get duplicate reports with it in place if a comparison happens to show up multiple times in a program, and we do do some comparisons with `reportErrors` off only.",duplicate reports with it in place
594591557,"You should not do it, it is wrong",it is wrong
654364216,Absolutely right! :),Absolutely right! :)
656831098,"These kinds of types should be forbidden üò†
My brain hurts ü§Ø üòõ",My brain hurts
657419914,Can we print a warning to nudge people to fix the lifecycles of their objects?,print a warning
666535767,makes sense! thanks for the clarification.,thanks for the clarification.
667366663,I wonder if this comment is still relevant with `textContent` ü§î,this comment is still relevant
668162301,"Oops, good catch. I'd forgotten to commit some local changes.",I'd forgotten to commit some local changes.
668308645,These are great tests and really helped me understand how this works üëç,really helped me understand how this works
668371289,"I'm not planning to start supporting events in this PR - the whole point is just to baseline the output of the event, and I'll admit that I don't necessarily know what it would mean to support events.",the whole point is just to baseline the output of the event
669081074,These are much more helpful. I will update. :),These are much more helpful.
669245883,"I see, this makes sense if the intent is to make this explicit to the user. Will this affect other `testWidget` blocks though? If so we should probably use `addTearDown` within the implementation to reset this after the current test block runs to avoid things like order-dependent tests.",.Will this affect other `testWidget` blocks though?
669849854,"That's a good point, developers would find completing pipe arguments helpful (e.g. the `date` pipe). For inputs with square brackets we can only complete with strings. For pipe arguments, we can complete with strings, number literals, true, false, null and undefined.
Do you think we need separate scopes for pipe arguments and inputs without square brackets? or can we results for filter inputs without square brackets to only include strings?",developers would find completing pipe arguments helpful
669937414,yeah agreed! I'm on it :slightly_smiling_face:,agreed! I'm on it
670758656,Thanks for the detailed explanation!,Thanks for the detailed explanation!
670810244,Obvious typo I wish I'd caught sooner üòî. Good catch.,Obvious typo
671744800,"mh.... yeah I find that unlikely but I can see your point... I will think of something then to make this more robust... :slightly_smiling_face: unfortunately I am afraid I will have to also take into consideration vendor prefixes, so this can become quite more verbose and ugly :disappointed:",unfortunately I am afraid
675865624,"üëç Awesome, looks good to me!","üëç Awesome, looks good to me!"
678725568,can we use `getStart()` rather than `pos` to follow the convention in the rest of the file?,can we use `getStart()` rather than `pos`
684418921,"Yeah, using `JSON.stringify()` might not be possible. My proposal is to rephrase the error string to be more explicit on what the problem is (currently it's quite unclear) without additional `JSON.stringify()` calls.",my proposal is to rephrase
687277770,"Ah, I was working around the fact that _localFocalPoint is `late` and won't be initialized on the first run here, so I can't grab the value out of it here.
I've updated it to an if/else that avoids the recalculation, let me know if you like the old way better.",.around the fact that the _localFocalPoint is `late`
704845188,"Ah, I've missed that ü§¶ Thanks Andrew.",I've missed that ü§¶
708188146,Seems my fault.,Seems my fault.
715774007,Is this necessary? I think it should be left up to the scaffold body to inset its own content appropriately,Is this necessary?
719423176,YEEESSSSSS!!!!!!! THANK YOU ‚ù§Ô∏è,YEEESSSSSS!!!!!!! THANK YOU ‚ù§Ô∏è
730264646,Either way works for me. Up to you :smiley:,up to you :smiley:
738243449,"Sorry, I am still not following üòÖ",I am still not following
947893665,"Given the disagreement, I've reopened the issue.",Given the disagreement
947904739,"[BLOCK QUOTE].
Some PR has to be the first one to use it üòÅ
It's a bit ugly, as with all FFI, but it didn't seem terrible.",Some PR has to be the first one to use it üòÅ
948264963,I really don't see how this is any different than #467.,don't see how this is any different
956435881,"[BLOCK QUOTE].
No, that would not.
Obviously what's being asked is for the background of the label to keep a constant size regardless of where it's located over the border.",.that would not
957183512,"[USER] I‚Äôm unable to reproduce the issue to pinpoint the cause, it could be the third party‚Äôs integration with the framework. I'll be labelling it for further investigation.",unable to reproduce the issue
957915873,Duplicate of [URL] Closing in favor of the above since it has a reproduction.,Closing in favor of the above
958255605,Closing this since it's seen no updates for 2 years and is out of date. We can re-open and land if the change is still valid.,Closing this since it's seen no updates for 2 years and is out of date.
959791063,"Hello, I have tried both suggestions but unfortunately none of them worked. The first option did not change anything; for the second options, I could not see these files anywhere.",unfortunately none of them worked